{
  "args0": [
    {
      "type": "input_value",
      "name": "height",
      "check": "Number"
    },
    {
      "type": "input_value",
      "name": "vx",
      "check": "Number"
    },
    {
      "type": "input_value",
      "name": "vz",
      "check": "Number"
    },
    {
      "type": "input_value",
      "name": "id",
      "check": "String"
    },
    {
      "type": "input_value",
      "name": "path",
      "check": "String"
    },
    {
      "type": "field_image",
      "src": "./res/client.png",
      "width": 8,
      "height": 24
    }
  ],
  "inputsInline": true,
  "previousStatement": null,
  "nextStatement": null,
  "colour": 120,
  "mcreator": {
    "toolbox_id": "sky",
    "toolbox_init": [
      "<value name=\"height\"><block type=\"math_number\"><field name=\"NUM\">192</field></block></value>",
      "<value name=\"vx\"><block type=\"math_number\"><field name=\"NUM\">-1</field></block></value>",
      "<value name=\"vz\"><block type=\"math_number\"><field name=\"NUM\">0</field></block></value>",
      "<value name=\"id\"><block type=\"text\"><field name=\"TEXT\">modid</field></block></value>",
      "<value name=\"path\"><block type=\"text\"><field name=\"TEXT\">textures/texture.png</field></block></value>"
    ],
    "inputs": [
      "height",
      "vx",
      "vz",
      "id",
      "path"
    ]
  }
}