{
  "args0": [
    {
      "type": "input_value",
      "name": "topsky",
      "check": "Boolean"
    },
    {
      "type": "input_value",
      "name": "bottomsky",
      "check": "Boolean"
    },
    {
      "type": "input_value",
      "name": "star",
      "check": "Boolean"
    },
    {
      "type": "input_value",
      "name": "sunlight",
      "check": "Boolean"
    },
    {
      "type": "input_value",
      "name": "sun",
      "check": "Boolean"
    },
    {
      "type": "input_value",
      "name": "moon",
      "check": "Boolean"
    },
    {
      "type": "input_value",
      "name": "clouds",
      "check": "Boolean"
    },
    {
      "type": "input_value",
      "name": "endsky",
      "check": "Boolean"
    },
    {
      "type": "field_image",
      "src": "./res/client.png",
      "width": 8,
      "height": 24
    }
  ],
  "inputsInline": true,
  "previousStatement": null,
  "nextStatement": null,
  "colour": 120,
  "mcreator": {
    "toolbox_id": "sky",
    "toolbox_init": [
      "<value name=\"topsky\"><block type=\"logic_boolean\"><field name=\"BOOL\">TRUE</field></block></value>",
      "<value name=\"bottomsky\"><block type=\"logic_boolean\"><field name=\"BOOL\">TRUE</field></block></value>",
      "<value name=\"star\"><block type=\"logic_boolean\"><field name=\"BOOL\">TRUE</field></block></value>",
      "<value name=\"sunlight\"><block type=\"logic_boolean\"><field name=\"BOOL\">TRUE</field></block></value>",
      "<value name=\"sun\"><block type=\"logic_boolean\"><field name=\"BOOL\">TRUE</field></block></value>",
      "<value name=\"moon\"><block type=\"logic_boolean\"><field name=\"BOOL\">TRUE</field></block></value>",
      "<value name=\"clouds\"><block type=\"logic_boolean\"><field name=\"BOOL\">TRUE</field></block></value>",
      "<value name=\"endsky\"><block type=\"logic_boolean\"><field name=\"BOOL\">TRUE</field></block></value>"
    ],
    "inputs": [
      "topsky",
      "bottomsky",
      "star",
      "sunlight",
      "sun",
      "moon",
      "clouds",
      "endsky"
    ]
  }
}