{
  "args0": [
    {
      "type": "input_value",
      "name": "id",
      "check": "String"
    },
    {
      "type": "input_value",
      "name": "path",
      "check": "String"
    },
    {
      "type": "input_value",
      "name": "yaw",
      "check": "Number"
    },
    {
      "type": "input_value",
      "name": "pitch",
      "check": "Number"
    },
    {
      "type": "input_value",
      "name": "roll",
      "check": "Number"
    },
    {
      "type": "input_value",
      "name": "size",
      "check": "Number"
    },
    {
      "type": "input_value",
      "name": "weathereffect",
      "check": "Boolean"
    },
    {
      "type": "field_image",
      "src": "./res/client.png",
      "width": 8,
      "height": 24
    }
  ],
  "inputsInline": true,
  "previousStatement": null,
  "nextStatement": null,
  "colour": 120,
  "mcreator": {
    "toolbox_id": "sky",
    "toolbox_init": [
      "<value name=\"id\"><block type=\"text\"><field name=\"TEXT\">modid</field></block></value>",
      "<value name=\"path\"><block type=\"text\"><field name=\"TEXT\">textures/texture.png</field></block></value>",
      "<value name=\"yaw\"><block type=\"math_number\"><field name=\"NUM\">0</field></block></value>",
      "<value name=\"pitch\"><block type=\"math_number\"><field name=\"NUM\">0</field></block></value>",
      "<value name=\"roll\"><block type=\"math_number\"><field name=\"NUM\">0</field></block></value>",
      "<value name=\"size\"><block type=\"math_number\"><field name=\"NUM\">30</field></block></value>",
      "<value name=\"weathereffect\"><block type=\"logic_boolean\"><field name=\"BOOL\">TRUE</field></block></value>"
    ],
    "inputs": [
      "id",
      "path",
      "yaw",
      "pitch",
      "roll",
      "size",
      "weathereffect"
    ]
  }
}