{
  "args0": [
    {
      "type": "input_value",
      "name": "hue",
      "check": "Number"
    },
    {
      "type": "input_value",
      "name": "saturation",
      "check": "Number"
    },
    {
      "type": "input_value",
      "name": "brightness",
      "check": "Number"
    },
    {
      "type": "input_value",
      "name": "alpha",
      "check": "Number"
    },
    {
      "type": "field_image",
      "src": "./res/client.png",
      "width": 8,
      "height": 24
    }
  ],
  "inputsInline": true,
  "previousStatement": null,
  "nextStatement": null,
  "colour": 120,
  "mcreator": {
    "toolbox_id": "sky",
    "toolbox_init": [
      "<value name=\"hue\"><block type=\"math_number\"><field name=\"NUM\">0</field></block></value>",
      "<value name=\"saturation\"><block type=\"math_number\"><field name=\"NUM\">0</field></block></value>",
      "<value name=\"brightness\"><block type=\"math_number\"><field name=\"NUM\">0</field></block></value>",
      "<value name=\"alpha\"><block type=\"math_number\"><field name=\"NUM\">100</field></block></value>"
    ],
    "inputs": [
      "hue",
      "saturation",
      "brightness",
      "alpha"
    ]
  }
}