{
  "args0": [
    {
      "type": "field_data_list_selector",
      "name": "normal",
      "datalist": "particles",
      "customEntryProviders": "particle"
    },
    {
      "type": "field_data_list_selector",
      "name": "vapor",
      "datalist": "particles",
      "customEntryProviders": "particle"
    },
    {
      "type": "field_data_list_selector",
      "name": "sound",
      "datalist": "sound"
    },
    {
      "type": "input_value",
      "name": "biomeeffect",
      "check": "Boolean"
    },
    {
      "type": "input_value",
      "name": "immutability",
      "check": "Boolean"
    }
  ],
  "inputsInline": true,
  "previousStatement": null,
  "nextStatement": null,
  "colour": 120,
  "mcreator": {
    "toolbox_id": "sky",
    "toolbox_init": [
      "<value name=\"biomeeffect\"><block type=\"logic_boolean\"><field name=\"BOOL\">TRUE</field></block></value>",
      "<value name=\"immutability\"><block type=\"logic_boolean\"><field name=\"BOOL\">FALSE</field></block></value>"
    ],
    "fields": [
      "normal",
      "vapor",
      "sound"
    ],
    "inputs": [
      "biomeeffect",
      "immutability"
    ]
  }
}