{
  "args0": [
    {
      "type": "field_dropdown",
      "name": "type",
      "options": [
        [
          "RAIN",
          "RAIN"
        ],
        [
          "SNOW",
          "SNOW"
        ],
        [
          "STORM",
          "STORM"
        ]
      ]
    },
    {
      "type": "input_value",
      "name": "id",
      "check": "String"
    },
    {
      "type": "input_value",
      "name": "path",
      "check": "String"
    },
    {
      "type": "input_value",
      "name": "biomeeffect",
      "check": "Boolean"
    },
    {
      "type": "input_value",
      "name": "immutability",
      "check": "Boolean"
    }
  ],
  "inputsInline": true,
  "previousStatement": null,
  "nextStatement": null,
  "colour": 120,
  "mcreator": {
    "toolbox_id": "sky",
    "toolbox_init": [
      "<value name=\"id\"><block type=\"text\"><field name=\"TEXT\">modid</field></block></value>",
      "<value name=\"path\"><block type=\"text\"><field name=\"TEXT\">textures/texture.png</field></block></value>",
      "<value name=\"biomeeffect\"><block type=\"logic_boolean\"><field name=\"BOOL\">TRUE</field></block></value>",
      "<value name=\"immutability\"><block type=\"logic_boolean\"><field name=\"BOOL\">FALSE</field></block></value>"
    ],
    "fields": [
      "type"
    ],
    "inputs": [
      "id",
      "path",
      "biomeeffect",
      "immutability"
    ]
  }
}